Nhр║Гp c├бu hр╗Јi vр╗Ђ Kinh ─Љiр╗Ѓn,Kр║┐t quр║Б,timestamp
─љр║Аi Thр╗Фa Khр╗Ъi T├Гn Luр║Гn ,"­ЪДа **C├бu trр║Б lр╗Юi tр╗Ф AI:**
Xin lр╗Ќi, t├┤i kh├┤ng t├гm thр║Цy th├┤ng tin ─Љр╗Д chi tiр║┐t trong c├Аc Kinh ─Љ├Б ─Љк░р╗Бc cung cр║Цp ─Љр╗Ѓ trр║Б lр╗Юi c├бu hр╗Јi n├аy.

­ЪЊџ **Kh├┤ng c├│ ngр╗» cр║Бnh li├фn quan ─Љк░р╗Бc hiр╗Ѓn thр╗І do th├┤ng tin kh├┤ng ─Љр╗Д hoр║иc lр╗Ќi.**",2025-05-22 16:00:52.461678
Ngк░р╗Юi nк░р╗Џc Bр║Аt-kр╗│ thк░р╗Юng nh├│m hр╗Їp b├аn nhр╗»ng sр╗▒ viр╗Єc g├г ? ,"­ЪДа **C├бu trр║Б lр╗Юi tр╗Ф AI:**
Ngк░р╗Юi nк░р╗Џc Bр║Аt-kр╗│ thк░р╗Юng nh├│m hр╗Їp b├аn nhр╗»ng sр╗▒ viр╗Єc ch├бn ch├Аnh. Hр╗Ї c┼Еng thр║Бo luр║Гn vр╗Ђ viр╗Єc vua t├┤i h├▓a thuр║Гn, tr├фn dк░р╗Џi k├Гnh nhк░р╗Юng nhau, giр╗» g├гn khu├ф m├┤n trinh ch├Гnh, thanh khiр║┐t, v├а t├┤n trр╗Їng ph├Аp luр║Гt, hiр╗Ѓu ─Љiр╗Ђu cр║Цm kр╗х, kh├┤ng tr├Аi lр╗Ё ─Љр╗Ў.

­ЪЊџ **Ngр╗» cр║Бnh li├фn quan tр╗Ф:**
_ Bр╗Ў: Trк░р╗Юng A H├аm, Kinh: Trк░р╗Юng A H├аm, Dр╗Іch: HT. Tuр╗Є Sр╗╣, Phр║Дn: PHр║дN 1, Kinh: 02. KINH DU H├ђNH_
_ Bр╗Ў: Trк░р╗Юng A H├аm, Kinh: Trк░р╗Юng A H├аm, Dр╗Іch: HT. Tuр╗Є Sр╗╣, Phр║Дn: PHр║дN 3, Kinh: 28. KINH Bр╗љ TRA-B├ђ-L├ѓU_",2025-05-22 16:01:04.510261
Thiр╗Ђn sк░ Ch├бn Nguy├фn ,"­ЪДа **C├бu trр║Б lр╗Юi tр╗Ф AI:**
Xin lр╗Ќi, t├┤i kh├┤ng t├гm thр║Цy th├┤ng tin ─Љр╗Д chi tiр║┐t trong c├Аc Kinh ─Љ├Б ─Љк░р╗Бc cung cр║Цp ─Љр╗Ѓ trр║Б lр╗Юi c├бu hр╗Јi n├аy.

­ЪЊџ **Kh├┤ng c├│ ngр╗» cр║Бnh li├фn quan ─Љк░р╗Бc hiр╗Ѓn thр╗І do th├┤ng tin kh├┤ng ─Љр╗Д hoр║иc lр╗Ќi.**",2025-05-22 16:06:07.128404
M├Б Tр╗Ћ ─љр║Аo Nhр║Цt ,"­ЪДа **C├бu trр║Б lр╗Юi tр╗Ф AI:**
Xin lр╗Ќi, t├┤i kh├┤ng t├гm thр║Цy th├┤ng tin ─Љр╗Д chi tiр║┐t trong c├Аc Kinh ─Љ├Б ─Љк░р╗Бc cung cр║Цp ─Љр╗Ѓ trр║Б lр╗Юi c├бu hр╗Јi n├аy.

­ЪЊџ **Kh├┤ng c├│ ngр╗» cр║Бnh li├фn quan ─Љк░р╗Бc hiр╗Ѓn thр╗І do th├┤ng tin kh├┤ng ─Љр╗Д hoр║иc lр╗Ќi.**",2025-05-22 16:10:28.158659
Ngк░р╗Юi nк░р╗Џc Bр║Аt-kр╗│ thк░р╗Юng nh├│m hр╗Їp b├аn nhр╗»ng sр╗▒ viр╗Єc g├г ? ,"­ЪДа **C├бu trр║Б lр╗Юi tр╗Ф AI:**
Ngк░р╗Юi nк░р╗Џc Bр║Аt-kр╗│ thк░р╗Юng nh├│m hр╗Їp b├аn nhр╗»ng sр╗▒ viр╗Єc ch├бn ch├Аnh. Hр╗Ї c┼Еng thр║Бo luр║Гn vр╗Ђ viр╗Єc vua t├┤i h├▓a thuр║Гn, tr├фn dк░р╗Џi k├Гnh nhк░р╗Юng nhau, giр╗» g├гn khu├ф m├┤n trinh ch├Гnh, thanh khiр║┐t, v├а t├┤n trр╗Їng ph├Аp luр║Гt, hiр╗Ѓu ─Љiр╗Ђu cр║Цm kр╗х, kh├┤ng tr├Аi lр╗Ё ─Љр╗Ў.

­ЪЊџ **Ngр╗» cр║Бnh li├фn quan tр╗Ф:**
_ Bр╗Ў: Trк░р╗Юng A H├аm, Kinh: Trк░р╗Юng A H├аm, Dр╗Іch: HT. Tuр╗Є Sр╗╣, Phр║Дn: PHр║дN 1, Kinh: 02. KINH DU H├ђNH_
_ Bр╗Ў: Trк░р╗Юng A H├аm, Kinh: Trк░р╗Юng A H├аm, Dр╗Іch: HT. Tuр╗Є Sр╗╣, Phр║Дn: PHр║дN 3, Kinh: 28. KINH Bр╗љ TRA-B├ђ-L├ѓU_",2025-05-23 08:09:16.973558
─љр║Аi Thр╗Фa Khр╗Ъi T├Гn Luр║Гn ,"­ЪДа **C├бu trр║Б lр╗Юi tр╗Ф AI:**
Xin lр╗Ќi, c├│ lр╗Ќi xр║Бy ra khi xр╗Г l├й y├фu cр║Дu cр╗Дa bр║Аn:Lр╗Ќi kh├┤ng x├Аc ─Љр╗Іnh trong qu├А tr├гnh RAG.

­ЪЊџ **Kh├┤ng c├│ ngр╗» cр║Бnh li├фn quan ─Љк░р╗Бc hiр╗Ѓn thр╗І do th├┤ng tin kh├┤ng ─Љр╗Д hoр║иc lр╗Ќi.**",2025-05-23 10:11:58.489709
Ngк░р╗Юi nк░р╗Џc Bр║Аt-kр╗│ thк░р╗Юng nh├│m hр╗Їp b├аn nhр╗»ng sр╗▒ viр╗Єc g├г ? ,,2025-05-23 13:03:50.465023
Ngк░р╗Юi nк░р╗Џc Bр║Аt-kр╗│ thк░р╗Юng nh├│m hр╗Їp b├аn nhр╗»ng sр╗▒ viр╗Єc g├г ? ,,2025-05-23 13:03:53.428713
